model,llama_guard3_scores,std_llama_guard3_scores
Llama-3.1-8B-Instruct,"[0.08, 0.075, 0.05, 0.045, 0.035, 0.085, 0.12, 0.225, 0.775]","[0.2712931993250107, 0.26339134382131846, 0.21794494717703367, 0.20730412441627882, 0.1837797594948911, 0.2788816953476868, 0.3249615361854384, 0.4175823272122517, 0.41758232721225164]"
